Image,target
508.jpg,bharatanatyam
246.jpg,bharatanatyam
473.jpg,bharatanatyam
485.jpg,bharatanatyam
128.jpg,bharatanatyam
410.jpg,bharatanatyam
465.jpg,bharatanatyam
196.jpg,bharatanatyam
340.jpg,bharatanatyam
467.jpg,bharatanatyam
306.jpg,bharatanatyam
171.jpg,bharatanatyam
323.jpg,bharatanatyam
332.jpg,bharatanatyam
330.jpg,bharatanatyam
170.jpg,bharatanatyam
479.jpg,bharatanatyam
9.jpg,bharatanatyam
283.jpg,bharatanatyam
114.jpg,bharatanatyam
507.jpg,bharatanatyam
183.jpg,bharatanatyam
200.jpg,bharatanatyam
457.jpg,bharatanatyam
264.jpg,bharatanatyam
194.jpg,bharatanatyam
518.jpg,bharatanatyam
175.jpg,bharatanatyam
64.jpg,bharatanatyam
152.jpg,bharatanatyam
270.jpg,bharatanatyam
125.jpg,bharatanatyam
38.jpg,bharatanatyam
440.jpg,bharatanatyam
302.jpg,bharatanatyam
394.jpg,bharatanatyam
448.jpg,bharatanatyam
463.jpg,bharatanatyam
20.jpg,bharatanatyam
301.jpg,bharatanatyam
28.jpg,kathak
61.jpg,bharatanatyam
398.jpg,bharatanatyam
349.jpg,bharatanatyam
271.jpg,bharatanatyam
286.jpg,bharatanatyam
431.jpg,bharatanatyam
316.jpg,bharatanatyam
224.jpg,bharatanatyam
411.jpg,bharatanatyam
278.jpg,bharatanatyam
456.jpg,bharatanatyam
45.jpg,bharatanatyam
324.jpg,bharatanatyam
6.jpg,bharatanatyam
59.jpg,kathak
86.jpg,bharatanatyam
470.jpg,bharatanatyam
374.jpg,bharatanatyam
132.jpg,bharatanatyam
216.jpg,bharatanatyam
95.jpg,bharatanatyam
17.jpg,bharatanatyam
162.jpg,bharatanatyam
346.jpg,bharatanatyam
439.jpg,bharatanatyam
232.jpg,bharatanatyam
150.jpg,bharatanatyam
401.jpg,bharatanatyam
145.jpg,bharatanatyam
23.jpg,bharatanatyam
514.jpg,bharatanatyam
193.jpg,bharatanatyam
416.jpg,bharatanatyam
447.jpg,bharatanatyam
220.jpg,bharatanatyam
505.jpg,bharatanatyam
147.jpg,bharatanatyam
210.jpg,bharatanatyam
40.jpg,bharatanatyam
284.jpg,bharatanatyam
55.jpg,bharatanatyam
378.jpg,bharatanatyam
520.jpg,bharatanatyam
484.jpg,bharatanatyam
112.jpg,bharatanatyam
360.jpg,bharatanatyam
317.jpg,bharatanatyam
71.jpg,bharatanatyam
202.jpg,bharatanatyam
92.jpg,manipuri
11.jpg,bharatanatyam
67.jpg,bharatanatyam
138.jpg,bharatanatyam
506.jpg,bharatanatyam
146.jpg,bharatanatyam
318.jpg,bharatanatyam
198.jpg,bharatanatyam
375.jpg,bharatanatyam
41.jpg,bharatanatyam
421.jpg,bharatanatyam
129.jpg,bharatanatyam
14.jpg,bharatanatyam
460.jpg,manipuri
34.jpg,bharatanatyam
380.jpg,bharatanatyam
238.jpg,bharatanatyam
392.jpg,bharatanatyam
80.jpg,bharatanatyam
517.jpg,bharatanatyam
13.jpg,bharatanatyam
189.jpg,bharatanatyam
390.jpg,bharatanatyam
487.jpg,bharatanatyam
438.jpg,bharatanatyam
482.jpg,bharatanatyam
206.jpg,bharatanatyam
217.jpg,bharatanatyam
285.jpg,bharatanatyam
385.jpg,bharatanatyam
495.jpg,bharatanatyam
269.jpg,bharatanatyam
429.jpg,bharatanatyam
291.jpg,bharatanatyam
461.jpg,bharatanatyam
256.jpg,bharatanatyam
48.jpg,bharatanatyam
290.jpg,bharatanatyam
437.jpg,bharatanatyam
498.jpg,bharatanatyam
173.jpg,bharatanatyam
280.jpg,bharatanatyam
119.jpg,bharatanatyam
363.jpg,bharatanatyam
97.jpg,bharatanatyam
414.jpg,bharatanatyam
386.jpg,bharatanatyam
424.jpg,bharatanatyam
157.jpg,bharatanatyam
33.jpg,bharatanatyam
354.jpg,bharatanatyam
57.jpg,bharatanatyam
108.jpg,bharatanatyam
239.jpg,bharatanatyam
441.jpg,bharatanatyam
215.jpg,bharatanatyam
373.jpg,bharatanatyam
292.jpg,bharatanatyam
110.jpg,bharatanatyam
510.jpg,bharatanatyam
275.jpg,bharatanatyam
366.jpg,bharatanatyam
226.jpg,bharatanatyam
35.jpg,bharatanatyam
458.jpg,bharatanatyam
358.jpg,kathakali
